{"cameraMode":{"drawMode":0,"name":"Shaded","section":"Shading Mode"},"sceneLighting":true,"audioPlay":false,"sceneViewState":{"m_AlwaysRefresh":false,"showFog":true,"showSkybox":true,"showFlares":true,"showImageEffects":true,"showParticleSystems":true,"showVisualEffectGraphs":true,"m_FxEnabled":true},"in2DMode":false,"pivot":{"x":0.954064667224884,"y":0.5468950271606445,"z":0.08704960346221924},"rotation":{"x":-0.018176214769482614,"y":0.6923064589500427,"z":-0.7211612462997437,"w":-0.017449524253606797},"size":7.071067810058594,"orthographic":false}